times_tables,Type the answer.,Type the answer to help you remember.
2 x 2,4
2 x 3,6
2 x 5,10
2 x 7,14
2 x 11,22
2 x 13,26
2 x 17,34
2 x 19,38
2 x 23,46
2 x 29,58
3 x 2,6
3 x 3,9
3 x 5,15
3 x 7,21
3 x 11,33
3 x 13,39
3 x 17,51
3 x 19,57
3 x 23,69
3 x 29,87
5 x 2,10
5 x 3,15
5 x 5,25
5 x 7,35
5 x 11,55
5 x 13,65
5 x 17,85
5 x 19,95
5 x 23,115
5 x 29,145
7 x 2,14
7 x 3,21
7 x 5,35
7 x 7,49
7 x 11,77
7 x 13,91
7 x 17,119
7 x 19,133
7 x 23,161
7 x 29,203
11 x 2,22
11 x 3,33
11 x 5,55
11 x 7,77
11 x 11,121
11 x 13,143
11 x 17,187
11 x 19,209
11 x 23,253
11 x 29,319
13 x 2,26
13 x 3,39
13 x 5,65
13 x 7,91
13 x 11,143
13 x 13,169
13 x 17,221
13 x 19,247
13 x 23,299
13 x 29,377
17 x 2,34
17 x 3,51
17 x 5,85
17 x 7,119
17 x 11,187
17 x 13,221
17 x 17,289
17 x 19,323
17 x 23,391
17 x 29,493
19 x 2,38
19 x 3,57
19 x 5,95
19 x 7,133
19 x 11,209
19 x 13,247
19 x 17,323
19 x 19,361
19 x 23,437
19 x 29,551
23 x 2,46
23 x 3,69
23 x 5,115
23 x 7,161
23 x 11,253
23 x 13,299
23 x 17,391
23 x 19,437
23 x 23,529
23 x 29,667
29 x 2,58
29 x 3,87
29 x 5,145
29 x 7,203
29 x 11,319
29 x 13,377
29 x 17,493
29 x 19,551
29 x 23,667
29 x 29,841
